{
  "1": {
    "autorul": "Irvin Yalom",
    "titlul": "Plansul lui Nitzsche",
    "anul": "1992"
  },
  "2": {
    "autorul": "J.D. SALINGER",
    "titlul": "De veghe in lanul de secara",
    "anul": "1951"
  },
  "3": {
    "autorul": "Eu",
    "titlul": "Morometii",
    "anul": "1250"
  },
  "4": {
    "autorul": "Yuval Noah Harari",
    "titlul": "Scurta istorie a omenirii",
    "anul": "2011"
  },
  "5": {
    "autorul": "Yuval Noah Harari",
    "titlul": "Homo deus - Scurta istorie a viitorului",
    "anul": "2015"
  },
  "6": {
    "autorul": "Yuval Noah Harari",
    "titlul": "21 de lectii pentru secolul XXI",
    "anul": "2018"
  }
}